id,rating,wins,losses,games
resp_002,1790.4998211629686,3,0,3
resp_005,1659.7018001465703,2,1,3
resp_003,1556.1020265385264,2,1,3
resp_006,1424.0659738036675,1,2,3
resp_001,1363.7333525222746,1,2,3
resp_004,1205.8970258259933,0,3,3
